Source File	Size	loadResources	load-configure	scan	loadDepInfo	loadInfo	load	generateSnapshots	checkR4R4B	generateNarratives	validate	loadLists	checkConformanceResources	checkConformanceResources2	checkConformanceResources3	generateLogicalMaps	validateExpressions	scanForUsageStats	checkURLsUnique	processProvenanceDetails	generate1	generate2	responsesForQuestionnaire	generateLogicals	makeDependencies	generateExampleZip	generateValidationPack	scanProfilesForR5	scanExamplesForR5
/fsh-generated/resources/ImplementationGuide-smart.who.int.ips-pilgrimage.json	22513	-	0	0	0	0	0	0	7	335	0	0	0	0	0	0	0	1	0	0	127	248	0	0	0	0	7	0	1
fsh-generated/resources/AllergyIntolerance-72884cad-ebe6-4f43-a51a-2f978275f131.json	1185	6	0	0	0	0	0	0	0	1332	0	0	0	0	0	0	0	0	0	0	18	34	0	0	0	0	0	0	0
fsh-generated/resources/Bundle-MyIPS.json	35918	20	0	0	0	0	68	0	2	423	0	0	0	0	0	0	0	0	0	0	79	150	0	0	0	0	0	0	1
fsh-generated/resources/CapabilityStatement-VHLDocumentResponder.json	1100	6	0	0	1	0	0	0	0	27	0	0	0	0	0	0	0	1	0	0	26	46	0	0	1	0	1	0	0
fsh-generated/resources/CodeSystem-BrowserCs.json	689	5	1	0	0	0	0	0	0	11	0	0	0	0	0	0	0	0	0	0	18	11115	0	0	0	0	0	0	0
fsh-generated/resources/CodeSystem-DistributionModelCs.json	536	4	0	0	0	0	0	0	0	13	0	0	0	0	0	0	0	0	0	0	17	343	0	0	0	0	0	0	0
fsh-generated/resources/CodeSystem-IPS.HAJJ.ACTOR.json	852	5	0	0	0	0	0	0	0	13	0	0	0	0	0	0	0	0	0	0	18	405	0	0	0	0	1	0	0
fsh-generated/resources/CodeSystem-IPS.HAJJ.CONSENT.json	1738	4	0	1	0	0	0	0	0	13	0	0	0	0	0	0	0	0	0	0	21	327	0	0	0	0	0	0	0
fsh-generated/resources/CodeSystem-IPS.HAJJ.TRANSACTION.json	1242	5	0	0	0	0	0	0	0	12	0	0	0	0	0	0	0	0	0	0	32	325	0	0	0	0	1	0	0
fsh-generated/resources/CodeSystem-LanguageCs.json	729	4	0	0	0	0	0	0	0	12	0	0	0	0	0	0	0	0	0	0	24	275	0	0	0	0	0	0	0
fsh-generated/resources/CodeSystem-LicensingModelCs.json	460	5	0	0	0	0	0	0	0	14	0	0	0	0	0	0	0	0	0	0	20	272	0	0	0	0	0	0	0
fsh-generated/resources/CodeSystem-OperatingSystemCs.json	622	4	0	0	0	0	0	0	0	13	0	0	0	0	0	0	0	0	0	0	25	273	0	0	0	0	1	0	0
fsh-generated/resources/Composition-ExampleComposition.json	8517	8	1	0	0	0	0	0	0	0	0	0	0	0	0	0	0	0	0	0	32	44	0	0	0	0	0	0	0
fsh-generated/resources/Condition-c4597aa2-688a-401b-a658-70acc6de28c5.json	1884	5	0	0	0	0	0	0	0	3	0	0	0	0	0	0	0	0	0	0	27	17	0	0	0	0	0	0	0
fsh-generated/resources/Condition-c64139e7-f02d-409c-bf34-75e8bf23bc89.json	1809	5	0	0	0	0	0	0	1	3	0	0	0	0	0	0	0	0	0	0	22	17	0	0	0	0	0	0	0
fsh-generated/resources/Consent-c7781f44-6df8-4a8b-9e06-0b34263a47c6.json	1003	4	0	0	0	0	0	0	0	3	0	0	0	0	0	0	0	0	0	0	21	18	0	0	0	0	0	0	0
fsh-generated/resources/DocumentReference-FHIRIPSDocumentReference.json	1215	5	0	0	0	0	0	0	0	229	0	0	0	0	0	0	0	0	0	0	21	17	0	0	0	0	0	0	0
fsh-generated/resources/DocumentReference-FHIRIPSSignedDocumentReference.json	1067	5	0	0	0	0	0	0	0	14	0	0	0	0	0	0	0	0	0	0	20	13	0	0	0	0	0	0	0
fsh-generated/resources/DocumentReference-IPSPDFDocumentReference.json	1229	4	0	0	0	0	0	0	0	11	0	0	0	0	0	0	0	0	0	0	21	13	0	0	0	0	0	0	0
fsh-generated/resources/DocumentReference-IPSSignedPDFDocumentReference.json	1069	5	0	0	0	0	0	0	0	8	0	0	0	0	0	0	0	0	0	0	19	12	0	0	0	0	0	0	0
fsh-generated/resources/DocumentReference-ex-documentreference.json	1356	4	0	0	0	0	0	0	0	3	0	0	0	0	0	0	0	0	0	0	17	26	0	0	0	0	0	0	0
fsh-generated/resources/DocumentReference-ex-documentreference1.json	1357	5	0	0	0	0	0	0	0	4	0	0	0	0	0	0	0	0	0	0	18	24	0	0	0	0	0	0	0
fsh-generated/resources/List-PilgrimFolder.json	1287	4	0	0	0	0	0	0	0	4	0	6	0	0	0	0	0	0	0	0	18	26	0	0	0	0	0	0	0
fsh-generated/resources/Medication-8adc0999-9468-4ac9-9557-680fa133d625.json	913	5	1	0	0	0	0	0	0	0	0	0	0	0	0	0	0	0	0	0	14	12	0	0	0	0	0	0	0
fsh-generated/resources/Medication-976d0804-cae0-45ae-afe3-a19f3ceba6bb.json	701	4	0	0	0	0	0	0	0	1	0	0	0	0	0	0	0	0	0	0	18	13	0	0	0	0	0	0	0
fsh-generated/resources/MedicationStatement-47524493-846a-4a26-bae2-4ab03e60f02d.json	703	5	0	0	0	0	0	0	0	2	0	0	0	0	0	0	0	0	0	0	17	19	0	0	0	0	0	0	0
fsh-generated/resources/MedicationStatement-c220e36c-eb67-4fc4-9ba1-2fabc52acec5.json	1288	4	0	0	0	0	0	0	0	2	0	0	0	0	0	0	0	0	0	0	17	19	0	0	0	0	0	0	0
fsh-generated/resources/Observation-2639657a-c19a-48e2-82cc-471e13b8ad93.json	905	5	0	0	0	0	0	0	0	3	0	0	0	0	0	0	0	0	0	0	23	30	0	0	0	0	0	0	0
fsh-generated/resources/Observation-26bee0a9-5997-4557-ab9d-c6adbb05b571.json	985	4	0	0	0	0	0	0	0	2	0	0	0	0	0	0	0	0	0	0	16	20	0	0	0	0	0	0	0
fsh-generated/resources/Observation-6e39ccf3-f997-4a2b-8f28-b4b71c778c79.json	882	5	0	0	0	0	0	0	0	2	0	0	0	0	0	0	0	0	0	0	20	20	0	0	0	0	0	0	0
fsh-generated/resources/Observation-a6a5a1d5-c896-4c7e-b922-888fcc7e6ae3.json	891	4	0	0	0	0	0	0	0	2	0	0	0	0	0	0	0	0	0	0	16	18	0	0	0	0	0	0	0
fsh-generated/resources/Observation-aa11a2be-3e36-4be7-b58a-6fc3dace2740.json	901	5	0	0	0	0	0	0	0	2	0	0	0	0	0	0	0	0	0	0	15	18	0	0	0	0	0	0	0
fsh-generated/resources/Observation-b4916505-a06b-460c-9be8-011609282456.json	883	4	0	0	0	0	0	0	0	1	0	0	0	0	0	0	0	0	0	0	17	17	0	0	0	0	0	0	0
fsh-generated/resources/Observation-cc354e00-a419-47ea-8b6c-1768b2a01645.json	917	5	0	0	0	0	0	0	1	2	0	0	0	0	0	0	0	0	0	0	17	18	0	0	0	0	0	0	0
fsh-generated/resources/Organization-45a5c5b1-4ec1-4d60-b4b2-ff5a84a41fd6.json	318	4	1	0	0	0	0	0	0	1	0	0	0	0	0	0	0	0	0	0	14	12	0	0	0	0	0	0	0
fsh-generated/resources/Organization-890751f4-2924-4636-bab7-efffc7f3cf14.json	564	4	0	0	0	0	0	0	0	1	0	0	0	0	0	0	0	0	0	0	17	12	0	0	0	0	0	0	0
fsh-generated/resources/Patient-2b90dd2b-2dab-4c75-9bb9-a355e07401e7.json	1299	5	0	0	0	0	0	0	0	1	0	0	0	0	0	0	0	0	0	0	17	13	0	0	0	0	0	0	0
fsh-generated/resources/Practitioner-1c616b24-3895-48c4-9a02-9a64110351ee.json	653	5	0	0	0	0	0	0	0	1	0	0	0	0	0	0	0	1	0	0	17	12	0	0	0	0	0	0	0
fsh-generated/resources/Questionnaire-Questionnaire-ConnectathonSubmission.json	7855	6	0	0	0	0	0	0	0	97	0	0	0	0	0	0	0	0	0	0	73	11290	0	0	0	0	2	0	0
fsh-generated/resources/StructureDefinition-ConsentPeriod.json	1240	5	0	0	0	0	0	12	0	16	0	0	1	0	0	0	0	0	0	0	39	709	0	0	0	0	1	0	0
fsh-generated/resources/StructureDefinition-ConsentVerifiedBy.json	1528	5	0	0	0	0	0	27	0	9	0	0	0	0	0	0	0	0	0	0	40	269	0	0	0	1	1	0	0
fsh-generated/resources/StructureDefinition-HajjConsent.json	1707	5	1	0	0	0	0	120	0	25	0	0	0	0	0	0	0	1	0	0	233	1893	0	0	0	0	8	0	3
fsh-generated/resources/StructureDefinition-HajjIPS-Composition.json	1699	5	0	0	0	0	0	229	0	73	0	0	0	0	0	0	0	2	0	0	598	2584	0	0	0	0	22	1	2
fsh-generated/resources/StructureDefinition-HajjIPS.json	1668	5	0	0	0	0	0	263	0	160	0	0	2	0	0	0	0	6	0	0	1449	4501	0	0	0	0	60	1	6
fsh-generated/resources/StructureDefinition-HajjOrganization.json	656	4	0	0	0	0	0	29	0	12	0	0	0	0	0	0	0	0	0	0	70	174	0	0	0	0	3	0	0
fsh-generated/resources/ValueSet-Browser.json	345	5	0	0	0	0	0	0	0	6	0	0	0	0	0	0	0	0	0	0	16	243	0	0	0	0	1	0	0
fsh-generated/resources/ValueSet-DistributionModel.json	407	4	0	0	0	0	0	0	0	6	0	0	0	0	0	0	0	0	0	0	17	223	0	0	0	0	0	0	0
fsh-generated/resources/ValueSet-IPS.HAJJ.ACTOR.SYSTEM.json	816	5	0	0	0	0	0	0	0	7	0	0	0	0	0	0	0	0	0	0	17	217	0	0	0	0	0	0	0
fsh-generated/resources/ValueSet-IPS.HAJJ.ACTOR.json	450	4	0	0	0	0	0	0	0	6	0	0	0	0	0	0	0	0	0	0	18	226	0	0	0	0	1	0	0
fsh-generated/resources/ValueSet-IPS.HAJJ.CONSENT.json	491	4	0	0	0	0	0	0	1	6	0	0	0	0	0	0	0	0	0	0	21	228	0	0	0	0	0	0	0
fsh-generated/resources/ValueSet-IPS.HAJJ.TRANSACTION.json	492	4	0	0	0	0	0	0	0	6	0	0	0	0	0	0	0	0	0	0	17	233	0	0	0	0	0	0	0
fsh-generated/resources/ValueSet-Language.json	351	5	1	0	0	0	0	0	0	7	0	0	0	0	0	0	0	0	0	0	17	256	0	0	0	0	0	0	0
fsh-generated/resources/ValueSet-LicensingModel.json	389	4	0	0	0	0	0	0	0	6	0	0	0	0	0	0	0	0	0	0	18	225	0	0	0	0	0	0	0
fsh-generated/resources/ValueSet-OperatingSystem.json	395	5	0	0	0	0	0	0	0	6	0	0	0	0	0	0	0	0	0	0	18	229	0	0	0	0	0	0	0
